,Procedure Group,Freq,Procedure_Group_Cat,Pro_Cat,Body_Part
1,"*Emergency Room Visit, Level 2 (low to moderate severity)",1,New Procedure,"Emergency Room Visit, Level 2 (low to moderate severity)",
2,"*Emergency Room Visit, Level 3 (moderate severity)",1,New Procedure,"Emergency Room Visit, Level 3 (moderate severity)",
3,"*Emergency Room Visit, Level 4 (high severity)",1,New Procedure,"Emergency Room Visit, Level 4 (high severity without signigicant threat)",
4,2D Echo TTE  Complete,1,New Procedure,Echocardiography,
5,ABD PARACENTESIS W/IMAGING,2,New Procedure,Abdominal Paracentesis with Imaging,
6,"Abdomen one view, KUB",1,New Procedure,Abdominal Paracentesis with Imaging,
7,Abdominal paracentesis (diagnostic or therapeutic); with imaging guidance,1,New Procedure,Abdominal Paracentesis with Imaging,Abdominal 
8,Abdominal Paracentesis with Imaging,1,New Procedure,Abdominal Paracentesis with Imaging,Abdominal 
9,Abdominal Paracentesis with imaging guidance (#121),1,New Procedure,Abdominal Paracentesis with Imaging,Abdominal 
10,ABORTION,1,New Procedure,Abortion,
11,Acetaminophen Level,1,New Procedure,Acetaminophen Level,
12,ACTIVITY THERAPY,4,New Procedure,Physical Therapy,
13,"Acupuncture w/o electrical stimulation, each additional 15 min",1,New Procedure,Acupuncture,
14,"Acupuncture w/o electrical stimulation, initial 15 min",1,New Procedure,Acupuncture,
15,Adenoidectomy without Tonsillectomy,1,New Procedure,Adenoidectomy,
16,ADJUNCTIVE THERAPY GROUP,2,New Procedure,GROUP THERAPY,
17,ADOLESC PHP FULL DAY,2,New Procedure,Physical Therapy,
18,ADOLESC PSYCH IOP,2,New Procedure,Individual Therapy,
19,ADULT OP VISIT,2,New Procedure,,
20,ADULT PARTIAL HOSPITAL,1,New Procedure,,
21,ADULT PHP FULL DAY,2,New Procedure,Physical Therapy,
22,ADULT PSYCH IOP,2,New Procedure,Individual Therapy,
23,AEROSOL TREATMENT SINGLE,1,New Procedure,,
24,Albumin,1,New Procedure,,
25,ALT code removed,1,New Procedure,,
26,Ammonia,2,New Procedure,,
27,Amniocentesis Diag,1,New Procedure,,
28,Amylase,2,New Procedure,Amylase,
29,AMYLASE,2,New Procedure,Amylase,
30,ANAL PRESSURE RECORD,1,New Procedure,,
31,"Analysis for antibody, Treponema pallidum",1,New Procedure,,
32,ANESTHESIA PRE-OP,1,New Procedure,,
33,Ankle - bilateral 2 views,1,New Procedure,X-ray,
34,Ankle - right min 3 views,1,New Procedure,X-ray,
35,ANTICOAGULATION,1,New Procedure,,
36,APHERESIS PLA,1,New Procedure,,
37,Apnea Monitor Initial Charge,1,New Procedure,Apnea Monitor Initial Charge,
38,Appendectomy,1,New Procedure,Appendectomy,
39,APPLICATION OF LONG ARM SPLINT (SHOULDER TO HAND),1,New Procedure,Splints,
40,APPLICATION OF SHORT ARM SPLINT (FOREARM TO HAND); STATIC,1,New Procedure,Splints,
41,APPLICATION OF SHORT LEG SPLINT (CALF TO FOOT),1,New Procedure,Splints,
42,Apply Forearm Splint,1,New Procedure,Splints,
43,APPLY MULTLAY COMPRS LWR LEG,1,New Procedure,,
44,APTT OR PTT,1,New Procedure,,
45,ARTERIAL PUNC,1,New Procedure,,
46,Arthr Knee Sur Menis M Or L,1,New Procedure,Arthroplasty,
47,Arthr Rep/Recon Ant Cruc Lig,1,New Procedure,Arthroplasty,
48,"Arthrocentesis, aspiration and/or injection, major joint or bursa (eg, shoulder, hip, knee, subacromial bursa); without ultrasound guidance",1,New Procedure,Arthroplasty,
49,"ARTHROPLASTY, KNEE, CONDYLE AND PLATEAU; MEDIAL AND LATERAL COMPARTMENTS WITH OR WITHOUT PATELLA RESURFACING",1,New Procedure,Arthroplasty,
50,"Arthroplasty, knee, condyle and plateau; medial AND lateral compartments with or without patella resurfacing (total knee arthroplasty)",1,New Procedure,Arthroplasty,
51,"ARTHROPLASTY, KNEE, CONDYLE AND PLATEAU; MEDIAL OR LATERAL COMPARTMENT",1,New Procedure,Arthroplasty,
52,ARTHROSCOP ROTATOR CUFF,1,New Procedure,Arthroscopy,
53,Arthroscopically aided anterior cruciate ligament repair/augmentation or reconstruction,1,New Procedure,Arthroscopy,
54,Arthroscopy knee with synovectomy,1,New Procedure,Arthroscopy,
55,"Arthroscopy, hip, surgical; with femoroplasty (ie, treatment of cam lesion)",1,New Procedure,Arthroscopy,
56,"Arthroscopy, knee, surgical; synovectomy, major, 2 or more compartments (eg, medial or lateral)",1,New Procedure,Arthroscopy,
57,"Arthroscopy, knee, surgical; with meniscectomy (medial AND lateral, including any meniscal shaving)",1,New Procedure,Arthroscopy,
58,"ARTHROSCOPY, KNEE, SURGICAL; WITH MENISCECTOMY (MEDIAL AND LATERAL, INCLUDING ANY MENISCAL SHAVING)",1,New Procedure,Arthroscopy,
59,"Arthroscopy, Knee, with meniscectomy (medial or lateral)",270,New Procedure,Arthroscopy,
60,"Arthroscopy, shoulder, surgical; debridement, extensive",1,New Procedure,Arthroscopy,
61,"Arthroscopy, shoulder, surgical; debridement, limited",1,New Procedure,Arthroscopy,
62,"Arthroscopy, shoulder, surgical; distal claviculectomy including distal articular surface (Mumford procedure)",1,New Procedure,Arthroscopy,
63,"Arthroscopy, shoulder, surgical; with rotator cuff repair",1,New Procedure,Arthroscopy,
64,"Arthroscopy, Shoulder, with partial acromioplasty",267,New Procedure,Arthroscopy,
65,ASPIRATE PLEURA W/ IMAGING,1,New Procedure,,
66,Assay of Lithium,1,New Procedure,,
67,Assay Of Magnesium,1,New Procedure,,
68,AST/SGOT,1,New Procedure,,
69,Autom Urine Dip W Micro,2,New Procedure,,
70,"AV FISTULA REVISION, OPEN",1,New Procedure,,
71,B-TYP NATRIURETC PEPTIDE,1,New Procedure,,
72,BACT CULTURE-URINE; QUAN COUNT,1,New Procedure,Urinalysis,
73,BACTERIA CULTURE SCREEN,4,New Procedure,Blood Culture,
74,Basic Metabolic Panel,299,New Procedure,Metabolic Panel,
75,BASIC METABOLIC PANEL,1,New Procedure,Metabolic Panel,
76,Basic Metabolic Panel ION,1,New Procedure,Metabolic Panel,
77,BIOPSY OF HEART LINING,1,New Procedure,BIOPSY,
78,BIOPSY OF KIDNEY,1,New Procedure,BIOPSY,
79,"Biopsy of Kidney, Percutaneous",1,New Procedure,BIOPSY,
80,"BIOPSY OF LIVER, NEEDLE; PERCUTANEOUS",1,New Procedure,BIOPSY,
81,BIOPYS OF THYROID,1,New Procedure,BIOPSY,
82,BLD GASES W/O,1,New Procedure,Blood Gas Analysis,
83,BLD TYPE ABO ONLY,1,New Procedure,,
84,Blepharoplasty upper eyelid with excessive skin weighting downlid,1,New Procedure,Blepharoplasty ,
85,BLEPHAROPLASTY UPPER/LOWER,1,New Procedure,Blepharoplasty ,
86,Blood collection by venipuncture,1,New Procedure,Venipuncture,
87,Blood Culture,1,New Procedure,Blood Culture,
88,Blood culture for bacteria,1,New Procedure,Blood Culture,
89,BLOOD CULTURE FOR BACTERIA,1,New Procedure,Blood Culture,
90,"Blood Gas Analysis, including 02 saturation",268,New Procedure,Blood Gas Analysis,
91,"Blood Gases, any Combination",1,New Procedure,Blood Gas Analysis,
92,Blood Gasses Any Combination,1,New Procedure,Blood Gas Analysis,
93,Blood glucose (sugar) level,1,New Procedure,Glucose blood test,
94,BLOOD TRANSFU,1,New Procedure,BLOOD TRANSFUSION SERVICE,
95,BLOOD TRANSFUSION SERVICE,1,New Procedure,BLOOD TRANSFUSION SERVICE,
96,Blood typing abo,1,New Procedure,,
97,Blood typing rh (d),1,New Procedure,,
98,"Bone length studies (orthoroentgenogram, scanogram)",1,New Procedure,,
99,Bone Marrow ; Aspiration only,1,New Procedure,Bone Marrow ,
100,BONE MARROW BIOPSY,1,New Procedure,Bone Marrow ,
101,"Breast Biopsy w/Marker Plcmt,1st Lesion w/Ultrasound Guidance (#65)",1,New Procedure,Ultrasound,
102,Breast Tomosynthesis Bilateral,1,New Procedure,,
103,BRONCHOSCOPY; WITH BRONCHIAL ALVEOLAR LAVAGE,1,New Procedure,,
104,BX Breast 1st Lesion US Imag,1,New Procedure,,
105,CA ECHO 2D W,1,New Procedure,Echocardiography,
106,CA ECHO TRANS,1,New Procedure,Echocardiography,
107,Carbon dioxide (bicarbonate),1,New Procedure,,
108,"Cardiac Catheterization, Left Heart, percutaneous",242,New Procedure,,
109,"Cardiac Catheterization, right heart",1,New Procedure,,
110,Cardiac Doppler,1,New Procedure,,
111,Cardiac Rehabilitation with Continuous EKG Monitoring,1,New Procedure,,
112,CARDIOLOGY C,1,New Procedure,,
113,CARDIOLOGY CL,1,New Procedure,,
114,CARDIOVASCULAR STRESS TEST,1,New Procedure,CARDIOVASCULAR STRESS TEST,
115,CARE OF MISCARRIAGE,1,New Procedure,MISCARRIAGE,
116,Carpal Tunnel Surgery,270,New Procedure,Carpal Tunnel Surgery,
117,Cataract extraction with iol complex,1,New Procedure,"Cataract, laser surgery",
118,Cataract removal lens implant,1,New Procedure,"Cataract, laser surgery",
119,"Cataract Removal with Insertion of Intraocular Lens, 1 Stage",271,New Procedure,"Cataract, laser surgery",
120,"Cauter Turbinate Mucosa, Intramural",1,New Procedure,,
121,CD GROUP THER IOP,2,New Procedure,GROUP THERAPY,
122,CD IOP NON MCARE FOLSOM,2,New Procedure,,
123,CD IOP NON MCARE SIERRA,2,New Procedure,,
124,Cervical Spine without contrast,1,New Procedure,,
125,Cesarean delivery only;,1,New Procedure,Cesarean delivery only,
126,"CHEMICAL CAUTERIZATION OF GRANULATION TISSUE (PROUD FLESH, SINUS OR FISTULA)",1,New Procedure,,
127,CHEST 1 VIEW,1,New Procedure,X-ray,
128,CHEST SINGLE VW,1,New Procedure,X-ray,
129,Chest x-ray 1 view frontal,1,New Procedure,X-ray,
130,CHEST X-RAY 1 VW,1,New Procedure,X-ray,
131,Chest Xray 1 view,1,New Procedure,X-ray,
132,CHEST XRAY 1 VIEW,3,New Procedure,X-ray,
133,CHEST XRAY 2 VIEWS,1,New Procedure,X-ray,
134,CIRCUMCISION,1,New Procedure,,
135,CK (CPK) TOTAL,1,New Procedure,,
136,CK Total,1,New Procedure,,
137,CK TOTAL,1,New Procedure,,
138,CKMB Fraction,1,New Procedure,,
139,CL TX MONTEGGIA ELB FX W MANIP,1,New Procedure,,
140,CLEAR OUTER EAR CANAL,1,New Procedure,CLEAR OUTER EAR CANAL,
141,Clinic Visit Level 1 - Established,1,New Procedure,"Outpatient Visit, established patient",
142,Clinic Visit Level 1 - New Patient,1,New Procedure,"Emergency Room Visit, Level 1 (low severity)",
143,Clinic Visit Level 3 - New Patient,1,New Procedure,"Emergency Room Visit, Level 3 (moderate severity)",
144,"CLOSED TREATMENT OF DISTAL RADIAL FRACTURE (EG, COLLES OR SMITH TYPE) OR EPIPHYSEAL SEPARATION, WITH OR WITHOUT FRACTURE OF ULNAR STYLOID; WITH",1,New Procedure,,
145,"CLOSED TREATMENT OF SHOULDER DISLOCATION, WITH MANIPULATION; WITHOUT ANESTHESIA",1,New Procedure,,
146,Clsd Tx Calcaneal Fx W/O Manip,1,New Procedure,,
147,"COLLECTION VENOUS BLOOD,VENIPUNCTURE",4,New Procedure,,
148,Colonoscopy and Polypectomy,1,New Procedure,Colonoscopy,
149,Colonoscopy W/Biopsy Single/Multiple,1,New Procedure,Colonoscopy,
150,Colonoscopy w/Lesion removal,1,New Procedure,Colonoscopy,
151,COLONOSCOPY W/RESECTION,1,New Procedure,Colonoscopy,
152,"Colonoscopy, diagnostic",281,New Procedure,Colonoscopy,
153,"Colonoscopy, Diagnostic",1,New Procedure,Colonoscopy,
154,"Colonoscopy, flexible; with removal of tumor(s),polyp(s)",1,New Procedure,Colonoscopy,
155,"Colonoscopy, with biopsy",280,New Procedure,Colonoscopy,
156,"Colonoscopy, with Biopsy",1,New Procedure,Colonoscopy,
157,"Colonoscopy, with lesion removal, by snare technique",276,New Procedure,Colonoscopy,
158,Color Flow Imaging,1,New Procedure,,
159,Colorectal cancer screening,1,New Procedure,"Colonoscopy, diagnostic",
160,COLORECTAL CANCER SCREENING; COLONOSCOPY ON INDIVIDUAL NOT MEETING CRITERIA FOR HIGH RISK,1,New Procedure,,
161,COMP METABOLIC PANEL,1,New Procedure,Metabolic Panel,
162,Compatibility test antiglob,1,New Procedure,,
163,Complete Blood Count with Differential,1,New Procedure,"Complete Blood Count, with differential WBC, automated",
164,"Complete Blood Count, automated",287,New Procedure,"Complete Blood Count, with differential WBC, automated",
165,"Complete Blood Count, with differential WBC, automated",298,New Procedure,"Complete Blood Count, with differential WBC, automated",
166,Comprehensive Metabolic Panel,304,New Procedure,Metabolic Panel,
167,Conization of Cervix,1,New Procedure,,
168,"CONTACT LASER VAPORIZATION W W/O TRANSURETHRAL RESECTION PROSTATE, INC CONTROL POSTOPERATIVE BLEEDING, COMPLETE (VASECTOMY, MEATOTOMY, CYSTOURE",1,New Procedure,,
169,Contrast Injection for Assessment of Cyst/Abscess via Catheter (#53),1,New Procedure,,
170,"CONTROL NASAL HEMORRHAGE, ANTERIOR, SIMPLE (LIMITED CAUTERY AND/OR PACKING) ANY METHOD",1,New Procedure,,
171,CORNEAL TRANSPLANT,1,New Procedure,,
172,CORONARY ARTERY ANGIO SI,1,New Procedure,CT Angiogram,
173,Coronary Lipid Panel,1,New Procedure,,
174,CORRECTION HAMMERTOE,1,New Procedure,,
175,"Correction, hallux valgus (bunion), with or without sesamoidectomy; with metatarsal osteotomy (eg, Mitchell, Chevron, or concentric type procedures)",1,New Procedure,,
176,CPAP INITIATION AND MGMNT,1,New Procedure,,
177,CPK-MB,1,New Procedure,,
178,"CPSP Nutrition Assessment, Postpartum",1,New Procedure,,
179,"Creatine Kinase (CK), (CPK), Total",284,New Procedure,Creatine Kinase (CK),
180,Creatine Kinase (CPK) MB Fraction Only,1,New Procedure,Creatine Kinase (CK),
181,CREATININE URINE,3,New Procedure,Creatine Kinase (CK),
182,Creatinine; blood,2,New Procedure,Creatine Kinase (CK),
183,Creatinine; other source,1,New Procedure,Creatine Kinase (CK),
184,CT ABD & PELV,1,New Procedure,CT Scan,
185,CT ABDOMEN W/O CONTRAST,2,New Procedure,CT Scan,
186,CT Angio ABD&PELV W/O & W/DYE,1,New Procedure,CT Angiogram,
187,CT Angiography Chest,1,New Procedure,CT Angiogram,
188,"CT Scan, Abd & Pelvis, with contrast",1,New Procedure,CT Scan,
189,"CT Scan, Abd & Pelvis, without contrast",1,New Procedure,CT Scan,
190,"CT Scan, Abdomen & Pelvis without contrast",2,New Procedure,CT Scan,
191,"CT Scan, Abdomen and Pelvis, without contrast",1,New Procedure,CT Scan,
192,"CT Scan, Abdomen, with contrast",281,New Procedure,CT Scan,
193,"CT Scan, Abdomen, without contrast",1,New Procedure,CT Scan,
194,"CT Scan, Cervical Spine without contrast",1,New Procedure,CT Scan,
195,"CT Scan, Cervical Spine, without contrast",1,New Procedure,CT Scan,
196,"CT Scan, Chest/Lung biopsy",1,New Procedure,CT Scan,
197,"CT Scan, Head or Brain, without contrast",291,New Procedure,CT Scan,
198,"CT Scan, Head, Without Contrast",1,New Procedure,CT Scan,
199,"CT Scan, Pelvis, with contrast",281,New Procedure,CT Scan,
200,CULT BLD AER/AN,1,New Procedure,,
201,CULT-BLOOD,1,New Procedure,,
202,Culture Eye,1,New Procedure,,
203,"Culture, presumptive, pathogenic organisms, screening only",1,New Procedure,,
204,Cyanocobalamin (vitamin b-12),1,New Procedure,Cyanocobalamin (Vitamin B-12),
205,Cyanocobalamin (Vitamin B-12),2,New Procedure,Cyanocobalamin (Vitamin B-12),
206,CYSTO/URETERO W/LITHOTRIPSY,1,New Procedure,,
207,CYSTOURETHROSCOPY,1,New Procedure,CYSTOURETHROSCOPY,
208,"CYSTOURETHROSCOPY, WITH FULGURATION (INCLUDING CRYOSURGERY OR LASER SURGERY) AND/OR RESECTION OF; MEDIUM BLADDER TUMOR(S) (2.0 TO 5.0 CM)",1,New Procedure,CYSTOURETHROSCOPY,
209,"CYSTOURETHROSCOPY, WITH FULGURATION (INCLUDING CRYOSURGERY OR LASER SURGERY) AND/OR RESECTION OF; SMALL BLADDER TUMOR(S) (0.5 TO 2.0 CM)",1,New Procedure,CYSTOURETHROSCOPY,
210,"CYSTOURETHROSCOPY, WITH INSERTION OF INDWELLING URETERAL STENT (EG, GIBBONS OR DOUBLE-J TYPE)",1,New Procedure,CYSTOURETHROSCOPY,
211,"Cystourethroscopy, with ureteroscopy and/or pyeloscopy; with lithotripsy (ureteral catheterization is included)",1,New Procedure,CYSTOURETHROSCOPY,
212,"Cystourethroscopy, with ureteroscopy and/or pyeloscopy; with lithotripsy including insertion of indwelling ureteral stent (eg, Gibbons or double-J type)",1,New Procedure,CYSTOURETHROSCOPY,
213,DEB BONE 20 SQ CM/<,1,New Procedure,,
214,DEB BONE ADD-ON,1,New Procedure,,
215,DEB MUSC/FASCIA ADD-ON,1,New Procedure,,
216,DEB SUBQ TISSUE ADD-ON,1,New Procedure,,
217,"DEBRIDEMENT; SKIN, AND SUBCUTANEOUS TISSUE",1,New Procedure,,
218,"DELAYED INSERTION OF BREAST PROSTHESIS FOLLOWING MASTOPEXY, MASTECTOMY OR IN RECONSTRUCTION",1,New Procedure,MASTECTOMY,
219,DENTAL SURGERY PROCEDURE,1,New Procedure,,
220,Destr L/S Facet Jnt Addl,1,New Procedure,,
221,DESTROY LUMB/SAC FACET JNT,1,New Procedure,,
222,"Destruction by neurolytic agent, paravertebral facet joint nerve(s), with imaging guidance (fluoroscopy or CT); cervical or thoracic, single facet joint",1,New Procedure,,
223,"Destruction by neurolytic agent, paravertebral facet joint nerve(s), with imaging guidance (fluoroscopy or CT); lumbar or sacral, single facet joint",1,New Procedure,,
224,Destruction facet joint lumbar single level,1,New Procedure,,
225,Detection test for HIV-1 and HIV-2,1,New Procedure,HIV Test,
226,Determination of refractive state,1,New Procedure,,
227,Diagnostic Bone Marrow Biopsy(ies) and Aspiration(s) (#58),1,New Procedure,Bone Marrow ,
228,DIFFERENTIAL MANUAL,1,New Procedure,,
229,Dilantin,1,New Procedure,,
230,DILATION AND CURETTAGE,1,New Procedure,,
231,Dipropylacetic acid (valproic acid),1,New Procedure,,
232,"Discission, secondary membranous cataract, laser surgery",261,New Procedure,"Cataract, laser surgery",
233,DIVISION OF FALLOPIAN TUBE,1,New Procedure,,
234,DOPPLER VENOUS U/S,1,New Procedure,,
235,DRAIN/INJ JOINT/BURSA W/O US,1,New Procedure,Drainage of Joint,
236,DRAINAGE OF RECTAL ABSCESS,1,New Procedure,Drainage of Skin Abscess,
237,Drainage of Skin Abscess,1,New Procedure,Drainage of Skin Abscess,
238,Drug Screen,2,New Procedure,,
239,DRUG SCREEN URINE MULT,1,New Procedure,,
240,Drug Test Presumptive by Chemical Analysis,1,New Procedure,,
241,Drug Test Prsmv Chem Anlyzr,2,New Procedure,,
242,"DRUG TEST(S), PRESUMPTIVE, ANY NUMBER OF DRUG CLASSES",1,New Procedure,,
243,DX BONE MARROW BX & ASPIR,1,New Procedure,Bone Marrow ,
244,Dxa Bone Density Study,1,New Procedure,,
245,E&M-NP LVL III,1,New Procedure,"Emergency Room Visit, Level 3 (moderate severity)",
246,ECG,4,New Procedure,Echocardiography,
247,ECG 12 Leads,2,New Procedure,Echocardiography,
248,ECG TRACING ONLY,1,New Procedure,Echocardiography,
249,ECHO DOPPLER,1,New Procedure,Echocardiography,
250,"Echocardiography, complete",86,New Procedure,Echocardiography,
251,"Echocardiography, complete without contrast",1,New Procedure,Echocardiography,
252,"Echocardiography, Transthoracic, complete",66,New Procedure,Echocardiography,
253,"Echocardiography, Transthoracic, complete, without Doppler",116,New Procedure,Echocardiography,
254,ECT TREATMENT,1,New Procedure,,
255,ED INJ IVP ADD SEQ NEW,1,New Procedure,,
256,ED INJ IVP SNGL/INTL,1,New Procedure,,
257,ED INJECTION SQ/IM,1,New Procedure,,
258,ED LEVEL 5,1,New Procedure,"Emergency Room Visit, Level 5 (high severity with significant threat)",
259,EDUCATION TRAINING,2,New Procedure,,
260,EEG,1,New Procedure,,
261,EGD Biopsy single/multiple,1,New Procedure,EGD,
262,EGD PLACE GASTROSTOMY TUBE,1,New Procedure,Gastrostomy Tube,
263,EGD REMOVE FOREIGN BODY,1,New Procedure,EGD,
264,EGD US EXAM DUODENUM/JEJUNUM,1,New Procedure,EGD,
265,EGD with biopsy,1,New Procedure,EGD,
266,EGD with Guide Wire Dilation Esophagus,1,New Procedure,EGD,
267,EKG,2,New Procedure,Electrocardiogram,
268,"EKG , routine",1,New Procedure,Electrocardiogram,
269,EKG Complete,1,New Procedure,Electrocardiogram,
270,EKG TRACING ONLY,1,New Procedure,Electrocardiogram,
271,EKG tracing only / no interpretation,1,New Procedure,Electrocardiogram,
272,Elbow - left min 3 views,1,New Procedure,Electrocardiogram,
273,Electrocardiogram 12 Lead Tracing Only,29,New Procedure,Electrocardiogram,
274,Electrocardiogram tracing,1,New Procedure,Electrocardiogram,
275,Electrocardiogram Tracing,2,New Procedure,Electrocardiogram,
276,Electrocardiogram Tracing only,1,New Procedure,Electrocardiogram,
277,"Electrocardiogram, 12 Lead, Tracing Only",1,New Procedure,Electrocardiogram,
278,"Electrocardiogram, routine, tracing only",1,New Procedure,Electrocardiogram,
279,"Electrocardiogram, routine, tracing only, w/o interpretation and report",4,New Procedure,Electrocardiogram,
280,"Electrocardiogram, routine, with at least 12 leads, interpretation and report only",1,New Procedure,Electrocardiogram,
281,"Electrocardiogram, routine, with at least 12 leads, tracing only",1,New Procedure,Electrocardiogram,
282,"Electrocardiogram, routine, with interpretation and report",231,New Procedure,Electrocardiogram,
283,"Electrocardiogram, routine; tracing only, w/o interpertation and report",1,New Procedure,Electrocardiogram,
284,"Electrocardiogram, tracing",1,New Procedure,Electrocardiogram,
285,"ELECTROCARDIOGRAM, TRACING",1,New Procedure,Electrocardiogram,
286,ELECTROCONVULSIVE THERAPY,1,New Procedure,Electroconvulsive therapy (includes necessary monitoring),
287,Electroconvulsive therapy (includes necessary monitoring),1,New Procedure,Electroconvulsive therapy (includes necessary monitoring),
288,Embolization (NON-CNS) Body Arterial,1,New Procedure,,
289,"Emergency Department Visit, Level 1",1,New Procedure,"Emergency Room Visit, Level 1 (low severity)",
290,EMERGENCY MEDICINE,1,New Procedure,,
291,EMERGENCY PSYCH,1,New Procedure,,
292,"Emergency Room Visit, Level 1",5,New Procedure,"Emergency Room Visit, Level 1 (low severity)",
293,"Emergency Room Visit, Level 1 (low severity)",1,New Procedure,"Emergency Room Visit, Level 1 (low severity)",
294,"Emergency Room Visit, Level 2",32,New Procedure,"Emergency Room Visit, Level 2 (low to moderate severity)",
295,"Emergency Room Visit, Level 2 (low to moderate severity)",260,New Procedure,"Emergency Room Visit, Level 2 (low to moderate severity)",
296,"Emergency Room Visit, Level 3",37,New Procedure,"Emergency Room Visit, Level 3 (moderate severity)",
297,"Emergency Room Visit, Level 3 (low to moderate severity)",1,New Procedure,"Emergency Room Visit, Level 3 (moderate severity)",
298,"Emergency Room Visit, Level 3 (moderate severity)",263,New Procedure,"Emergency Room Visit, Level 3 (moderate severity)",
299,"Emergency Room Visit, Level 4",34,New Procedure,"Emergency Room Visit, Level 4 (high severity without signigicant threat)",
300,"Emergency Room Visit, Level 4 (high severity w/o signigicant threat)",1,New Procedure,"Emergency Room Visit, Level 4 (high severity without signigicant threat)",
301,"Emergency Room Visit, Level 4 (high severity with significant threat)",187,New Procedure,"Emergency Room Visit, Level 4 (high severity without signigicant threat)",
302,"Emergency Room Visit, Level 4 (high severity without significant threat)",2,New Procedure,"Emergency Room Visit, Level 4 (high severity without signigicant threat)",
303,"Emergency Room Visit, Level 4 (high severity without signigicant threat)",182,New Procedure,"Emergency Room Visit, Level 4 (high severity without signigicant threat)",
304,"Emergency Room Visit, Level 4 (high severity)",74,New Procedure,"Emergency Room Visit, Level 4 (high severity without signigicant threat)",
305,"Emergency Room Visit, Level 4 (moderate severity)",1,New Procedure,"Emergency Room Visit, Level 4 (high severity without signigicant threat)",
306,"Emergency Room Visit, Level 5",5,New Procedure,"Emergency Room Visit, Level 5 (high severity with significant threat)",
307,"Emergency Room Visit, Level 5 (high complexity)",2,New Procedure,"Emergency Room Visit, Level 5 (high severity with significant threat)",
308,"Emergency Room Visit, Level 5 (high severity with significant threat)",3,New Procedure,"Emergency Room Visit, Level 5 (high severity with significant threat)",
309,"Emergency Room Visit, Level 5 (high severity without signigicant threat)",1,New Procedure,"Emergency Room Visit, Level 4 (high severity without signigicant threat)",
310,"Emergency Room Visit, Level 5 (high severity)",2,New Procedure,"Emergency Room Visit, Level 5 (high severity with significant threat)",
311,Endeocopy upper GI with guidewire,1,New Procedure,Endoscopy,
312,"Endoscopy, upper GI, balloon dilation of esophagus",1,New Procedure,Endoscopy,
313,"Endoscopy, Upper GI, diagnostic",274,New Procedure,Endoscopy,
314,"Endoscopy, Upper GI, with biopsy",281,New Procedure,Endoscopy,
315,ER LEVEL I,1,New Procedure,"Emergency Room Visit, Level 1 (low severity)",
316,ER O/P THER INJ,1,New Procedure,,
317,ER THER/PRO/DX INJ SQ/IM,1,New Procedure,,
318,ER THERAPYPRO//DX IV PUSH ADD,1,New Procedure,Electroconvulsive therapy (includes necessary monitoring),
319,ER THERAPYPRO//DX IV PUSH INI,1,New Procedure,Electroconvulsive therapy (includes necessary monitoring),
320,"ER URINE PREGNANCY TEST,VISUAL",1,New Procedure,,
321,ER VISIT LEVEL III,1,New Procedure,"Emergency Room Visit, Level 3 (moderate severity)",
322,ER VISIT LEVEL IIII,1,New Procedure,"Emergency Room Visit, Level 4 (high severity without signigicant threat)",
323,ER VISIT LEVEL IIIII,1,New Procedure,"Emergency Room Visit, Level 5 (high severity with significant threat)",
324,"Esophagogastroduodeno, flexible, trans;direct place of percut gastomy tube",1,New Procedure,,
325,ESOPHAGUS MOTILITY STUDY,1,New Procedure,,
326,Ethanol Level,1,New Procedure,,
327,Evaluation & Management Services (CPT Codes 99201-99499),288,New Procedure,,
328,EX DUODENUM NAT/ART OPENING ENDO DX,1,New Procedure,EXCISION/SURGERY,
329,EX LG INTEST VIA NAT/ART OP ENDO DX,1,New Procedure,EXCISION/SURGERY,
330,EX LG INTESTINE VIA NAT/ART OP ENDO,1,New Procedure,EXCISION/SURGERY,
331,EX REC VIA NAT OR ART OPEN ENDO DX,1,New Procedure,EXCISION/SURGERY,
332,EX RECT NAT OR ART OPENING ENDO,1,New Procedure,EXCISION/SURGERY,
333,EX SIG COLON VIA NAT/ART OP ENDO DX,1,New Procedure,EXCISION/SURGERY,
334,EX SIGMOID COLON NAT/ART OP ENDO,1,New Procedure,EXCISION/SURGERY,
335,EXC  STOMACH NAT/ART OPENING ENDO,1,New Procedure,EXCISION/SURGERY,
336,EXC ASC COLON  NAT/ART OP ENDO DX,1,New Procedure,EXCISION/SURGERY,
337,EXC DUODENUM NAT/ART OPENING ENDO,1,New Procedure,EXCISION/SURGERY,
338,EXC ESOPH VIA NAT ART OP ENDO DX,1,New Procedure,EXCISION/SURGERY,
339,EXC ILEUM VIA NAT/ART OP ENDO DX,1,New Procedure,EXCISION/SURGERY,
340,EXC STOMACH NAT/ART OPENING ENDO DX,1,New Procedure,EXCISION/SURGERY,
341,Exchange Nephrostomy Cath,1,New Procedure,,
342,EXCISION BIL VAS DEFERENS OPEN,1,New Procedure,EXCISION/SURGERY,
343,EXCISION LT KNEE JOINT PERQ ENDO,1,New Procedure,EXCISION/SURGERY,
344,"Excision of cyst or adenoma of thyroid, or transection of isthmus",1,New Procedure,EXCISION/SURGERY,
345,Excision or transposition of pterygium; with graft,1,New Procedure,EXCISION/SURGERY,
346,Excision Procedures on the Breast,2,New Procedure,EXCISION/SURGERY,
347,"Excision, Breast Lesion",85,New Procedure,EXCISION/SURGERY,
348,"Excision, Breast Lesion, without preoperative radiological marker",183,New Procedure,EXCISION/SURGERY,
349,EXPLORE PARATHYROID GLANDS,1,New Procedure,,
350,"Extracapsular cataract removal with insertion of intraocular lens prosthesis (1-stage procedure), manual or mechanical technique (eg, irrigation and aspiration or phacoemulsification), complex, requiring devices or techniques not generally used in routine cataract surgery (eg, iris expansion device, suture support for intraocular lens, or primary posterior capsulorrhexis) or performed on patients in the amblyogenic developmental stage",1,New Procedure,"Cataract, laser surgery",
351,EXTRACTION POC RETAINED NAT/ART OPG,1,New Procedure,,
352,FAMIL TX W/PT THERAPEUTI,2,New Procedure,FAMILY THERAPY,
353,FAMILY PSYTX W/O PATIENT,1,New Procedure,FAMILY THERAPY,
354,FAMILY TX W/PATIENT,2,New Procedure,FAMILY THERAPY,
355,Ferritin,2,New Procedure,,
356,Fetal Non-stress test,1,New Procedure,,
357,Fetal Non-Stress Test,1,New Procedure,,
358,FETAL NON-STRESS TEST,1,New Procedure,,
359,Fine Needle Aspiration with Imaging Guidance (#54),1,New Procedure,,
360,Finger(s) - right min 2 views,1,New Procedure,X-ray,
361,FNA W/IMAGE,1,New Procedure,,
362,Folic acid; serum,2,New Procedure,,
363,Foot - bilateral 1 view,1,New Procedure,X-ray,
364,Foot - left 3 or > views,1,New Procedure,X-ray,
365,Forearm - right 2 views,1,New Procedure,X-ray,
366,FRAGMENTING OF KIDNEY STONE,1,New Procedure,KIDNEY STONE,
367,Free T4,1,New Procedure,,
368,FREE THYROXINE,4,New Procedure,,
369,"Gammaglobulin (immunoglobulin); IgA, IgD, IgG, IgM, each",1,New Procedure,,
370,"Gases, Blood, PH only",1,New Procedure,Blood Gas Analysis,
371,Glucose 2 hr W Glucola,1,New Procedure,Glucose blood test,
372,Glucose Blood Reagent Strip,1,New Procedure,Glucose blood test,
373,Glucose blood test,1,New Procedure,Glucose blood test,
374,GLUCOSE BLOOD TEST,4,New Procedure,Glucose blood test,
375,GLUCOSE FDA APP HOME USE,1,New Procedure,Glucose blood test,
376,GLUCOSE POCT,1,New Procedure,Glucose blood test,
377,"Glucose, blood by glucose monitoring device(s)",1,New Procedure,Glucose blood test,
378,"GLUCOSE, WHOLE BLOOD",1,New Procedure,Glucose blood test,
379,Glucose; Quan Blood,1,New Procedure,Glucose blood test,
380,"Glucose; quantitative, blood (except reagent strip)",2,New Procedure,Glucose blood test,
381,GLYCOHEMGLOBIN,5,New Procedure,Glucose blood test,
382,Glycosylated hemoglobin test,1,New Procedure,Glucose blood test,
383,Glycosylated Hemoglobin Test,3,New Procedure,Glucose blood test,
384,GONA CHR(HCG)QL,1,New Procedure,Gonadotropin,
385,Gonadotropin (reproductive hormone) analysis,1,New Procedure,Gonadotropin,
386,"Gonadotropin, chorionic (hcg); qualitative",1,New Procedure,Gonadotropin,
387,GROUP EDUCATION FOLSOM,2,New Procedure,GROUP THERAPY,
388,GROUP EDUCATION SIERRA,2,New Procedure,GROUP THERAPY,
389,GROUP PSYCH THERAPEUTIC,2,New Procedure,GROUP THERAPY,
390,GROUP PSYCHOTERAPY/EDUCATION,1,New Procedure,GROUP THERAPY,
391,Group Psychotherapy,1,New Procedure,GROUP THERAPY,
392,GROUP PSYCHOTHERAPY,10,New Procedure,GROUP THERAPY,
393,Group psychotherapy (other than of a multiple-family group),1,New Procedure,GROUP THERAPY,
394,GROUP PSYCHOTHERAPY FOLS,2,New Procedure,GROUP THERAPY,
395,Group Psychotherapy not Multi Family,1,New Procedure,GROUP THERAPY,
396,GROUP PSYCHOTHERAPY SIER,2,New Procedure,GROUP THERAPY,
397,GROUP PSYCHOTHERAPY/ACTIVITY THERAPY,2,New Procedure,GROUP THERAPY,
398,GROUP PSYCHOTHERAPY/EDUCATION,3,New Procedure,GROUP THERAPY,
399,GROUP THERAPY,2,New Procedure,GROUP THERAPY,
400,GROUP THERAPY  OPS  No longer use,1,New Procedure,GROUP THERAPY,
401,GROUP THERAPY 60MIN,2,New Procedure,GROUP THERAPY,
402,GROUP THERAPY IOP,2,New Procedure,GROUP THERAPY,
403,GROUP THERAPY PHP,2,New Procedure,GROUP THERAPY,
404,GRP PSYCH PARTIAL,2,New Procedure,GROUP THERAPY,
405,GRP PSYCH PARTIAL HOSP 45-50,1,New Procedure,GROUP THERAPY,
406,GYNECOLOGY D,1,New Procedure,,
407,"HALLUX VALGUS (BUNION) CORRECTION, WITH OR WITHOUT SESAMOIDECTOMY; WITH METATARSAL OSTEOTOMY (EG, MITCHELL, CHEVRON, OR CONCENTRIC TYPE PROCEDU",1,New Procedure,,
408,"HAND HELD NEB CONTINUOUS,1st",1,New Procedure,,
409,Hardware removal,1,New Procedure,,
410,HC 12 LEAD EG; TRACING ONLY,1,New Procedure,,
411,HC ECHO COMP CONGENITAL,1,New Procedure,Echocardiography,
412,HC EKG TRACING ONLY,1,New Procedure,Electrocardiogram,
413,HC R&LHC W LV GRAM,1,New Procedure,,
414,"Health and Behavior Intervention, each 15 min",1,New Procedure,Individual Therapy,
415,Hemoglobin A1C level,1,New Procedure,Hemoglobin; glycosylated (A1C),
416,HEMOGLOBIN GLYCATED A1C,1,New Procedure,Hemoglobin; glycosylated (A1C),
417,Hemoglobin; glycosylated (a1c),1,New Procedure,Hemoglobin; glycosylated (A1C),
418,Hemoglobin; glycosylated (A1C),2,New Procedure,Hemoglobin; glycosylated (A1C),
419,"Hemogram &Platelet Count, auto",5,New Procedure,,
420,Hepatic function panel,1,New Procedure,Hepatic Function Panel,
421,Hepatic Function Panel,1,New Procedure,Hepatic Function Panel,
422,HEPATIC FUNCTION PANEL,1,New Procedure,Hepatic Function Panel,
423,Hepatitis B,1,New Procedure,Hepatitis B,
424,Hernia Laparoscopic Procedures,1,New Procedure,,
425,"Hernia Repair, Inguinal, 5 years and older",272,New Procedure,Hernia Repair,
426,History & Physical,1,New Procedure,,
427,"Hyperbaric Oxygen Under Pressure, Full Body Chamber, per 30 Minutes",1,New Procedure,,
428,"HYSTEROSCOPY, BIOPSY",2,New Procedure,Hysteroscopy,
429,"HYSTEROSCOPY, STERILIZATION",1,New Procedure,Hysteroscopy,
430,"Hysteroscopy, surgical",1,New Procedure,Hysteroscopy,
431,"Hysteroscopy, surgical, sampling,bx, endometrium,polypectomy",1,New Procedure,Hysteroscopy,
432,"Hysteroscopy, surgical; with endometrial ablation (eg, endometrial resection, electrosurgical ablation, thermoablation)",1,New Procedure,Hysteroscopy,
433,"HYSTEROSCOPY, SURGICAL; WITH ENDOMETRIAL ABLATION (EG, ENDOMETRIAL RESECTION, ELECTROSURGICAL ABLATION, THERMOABLATION)",1,New Procedure,Hysteroscopy,
434,"HYSTEROSCOPY, SURGICAL; WITH REMOVAL OF LEIOMYOMATA",1,New Procedure,Hysteroscopy,
435,"Hysteroscopy, surgical; with sampling (biopsy) of endometrium and/or polypectomy, with or without D & C",1,New Procedure,Hysteroscopy,
436,"HYSTEROSCOPY, SURGICAL; WITH SAMPLING (BIOPSY) OF ENDOMETRIUM AND/OR POLYPECTOMY, WITH OR WITHOUT D & C",1,New Procedure,Hysteroscopy,
437,HYSTERSCOPY ABLATION,1,New Procedure,Hysteroscopy,
438,IDIVIDUAL THERAPY 30MIN,1,New Procedure,Individual Therapy,
439,IDIVIDUAL THERAPY 45MIN,1,New Procedure,Individual Therapy,
440,IDIVIDUAL THERAPY 60MIN,1,New Procedure,Individual Therapy,
441,"IM, SQ, SC INJECT",1,New Procedure,,
442,"IMMEDIATE INSERTION OF BREAST PROSTHESIS FOLLOWING MASTOPEXY, MASTECTOMY OR IN RECONSTRUCTION",1,New Procedure,MASTECTOMY,
443,Immunoassay Nonantibody,1,New Procedure,,
444,IMPLANT PAT ACT HT REC,1,New Procedure,,
445,"INCISION AND DRAINAGE OF ABSCESS (EG, CARBUNCLE, SUPPURATIVE HIDRADENITIS, CUTANEOUS OR SUBCUTANEOUS ABSCESS, CYST, FURUNCLE, OR PARONYCHIA); S",1,New Procedure,,
446,INCISION OF RECTAL ABSCESS,1,New Procedure,,
447,INDIV THERAPY 30 MIN,2,New Procedure,Individual Therapy,
448,INDIV TX THERAPEUTIC SVC,2,New Procedure,,
449,INDIVIDUAL TX,2,New Procedure,,
450,"Inhalation Treatment, pressurized or nonpressurized",280,New Procedure,"Inhalation Treatment, pressurized or nonpressurized",
451,"Inhalation Treatment, pressurized or nonpressurized (subsequent)",1,New Procedure,"Inhalation Treatment, pressurized or nonpressurized",
452,INJ ADD SEQ IVP,1,New Procedure,,
453,Inj Blood Patch,1,New Procedure,,
454,Inj Epid Cerv Thor,1,New Procedure,,
455,Inj Major Jnt Bursa,1,New Procedure,,
456,INJ NRV BLK TRANSFORAMINAL L/S LVL1,1,New Procedure,,
457,INJ PARAVERT F JNT C/T 1 LEV,1,New Procedure,,
458,INJ PARAVERT F JNT L/S 1 LEV,1,New Procedure,,
459,Inj Spine W Cath C/T,1,New Procedure,,
460,INJ T/P/D IVP,1,New Procedure,,
461,INJ THER/PROPH IM/SQ,1,New Procedure,,
462,INJ THER/PROPH IV,1,New Procedure,,
463,Inj/Asp Jnt/Bursa,1,New Procedure,,
464,INJECT SACROILIAC JOINT,1,New Procedure,,
465,INJECTION EYE DRUG,1,New Procedure,,
466,Injection facet cervical or thoracic single level,1,New Procedure,,
467,Injection facet joint with fluoroscopy single level,1,New Procedure,,
468,Injection for Shoulder X-Ray,1,New Procedure,X-ray,
469,"Injection procedure for sacroiliac joint, anesthetic/steroid, with image guidance (fluoroscopy or CT) including arthrography when performed",1,New Procedure,,
470,Injection sacroiliac joint,1,New Procedure,,
471,"Injection, Anesthetic or Steroid, transforaminal epidural",17,New Procedure,Epidural,
472,"Injection, Anesthetic or Steroid, transforaminal epidural, lumbar",221,New Procedure,Epidural,
473,"Injection, Anesthetic or Steroid, transforaminal epidural, sacral",29,New Procedure,Epidural,
474,"Injection, Diagnostic or Therapeutic substance, epidural",17,New Procedure,Epidural,
475,"Injection, Diagnostic or Therapeutic substance, epidural, lumbar",218,New Procedure,Epidural,
476,"Injection, Diagnostic or Therapeutic substance, epidural, lumbar w imaging guidance",1,New Procedure,Epidural,
477,"Injection, Diagnostic or Therapeutic substance, epidural, lumbar w/o imaging guidance",23,New Procedure,Epidural,
478,"Injection, Diagnostic or Therapeutic substance, epidural, sacral",6,New Procedure,Epidural,
479,"Injection, single (not via indwelling catheter), not including neurolytic substances, with or without contrast (for either localization or epidurography), of diagnostic or therapeutic substance(s) (including anesthetic, antispasmodic, opioid, steroid, other solution), epidural or subarachnoid; cervical or thoracic",1,New Procedure,,
480,"Injection(s), diagnostic or therapeutic agent, paravertebral facet (zygapophyseal) joint (or nerves innervating that joint) with image guidance (fluoroscopy or",1,New Procedure,,
481,"Injection(s), diagnostic or therapeutic agent, paravertebral facet (zygapophyseal) joint (or nerves innervating that joint) with image guidance (fluoroscopy or CT), lumbar or sacral; single level",1,New Procedure,,
482,"Injection(s), of diagnostic or therapeutic substance(s) (eg, anesthetic, antispasmodic, opioid, steroid, other solution), not including neurolytic substances, including needle or catheter placement, interlaminar epidural or subarachnoid, cervical or thoracic; with imaging guidance (ie, fluoroscopy or CT)",1,New Procedure,,
483,INSERT BLADDER CATHETER,1,New Procedure,,
484,Insert Emergency Airway,1,New Procedure,,
485,INSERT MULTI-COMP PENIS PROS,1,New Procedure,,
486,Insert new or replace of permanent pacemaker with transvenous electrode(s);,1,New Procedure,,
487,"Insert or replaceof permpacing cardi-defibril system with trans lead(s), single or dual",1,New Procedure,,
488,INSERT PICC A,1,New Procedure,,
489,INSERT PICC CATH,1,New Procedure,,
490,INSERT TUNNELED CV CATH,3,New Procedure,,
491,Insertion of Central Venous Access Device,1,New Procedure,,
492,Insertion of Temporary Indwelling Bladder Catheter; Simple (#121),1,New Procedure,,
493,"INSERTION OF TEMPORARY INDWELLING BLADDER CATHETER; SIMPLE (EG, FOLEY)",1,New Procedure,,
494,Insertion of Tunneled Centrally Inserted CVAD with Port (#71),1,New Procedure,,
495,"Insertion or replacement of spinal neurostimulator pulse generator or receiver, direct or inductive coupling",1,New Procedure,,
496,INSPECT UPPER INTESTINE TRACT ENDO,1,New Procedure,,
497,INSPECTION LW INTESTINAL TRACT ENDO,1,New Procedure,,
498,INTENSIVE ADOL IOP FOLSO,2,New Procedure,,
499,INTENSIVE ADOL IOP SIERR,2,New Procedure,,
500,INTENSIVE IOP PSYCH FOLS,2,New Procedure,,
501,INTENSIVE IOP PSYCH SIER,2,New Procedure,,
502,INTENSIVE OUTPATIENT,2,New Procedure,,
503,INTENSIVE OUTPT,1,New Procedure,,
504,INTENSIVE OUTPT - Group Therapy,1,New Procedure,GROUP THERAPY,
505,INTRO ANEST AGENT SPINAL CANAL PERQ,1,New Procedure,,
506,INTRO ANESTHETIC AGENT JOINTS PERQ,1,New Procedure,,
507,Introduction Catheter in Dialysis Circuit (#57),1,New Procedure,,
508,INTUBATION ET,1,New Procedure,,
509,IOP INDIVIDUAL PSYCH,1,New Procedure,,
510,IOP INTERACTIVE GROUP THERAPY,1,New Procedure,GROUP THERAPY,
511,IOP MULTI/FAMILY GROUP,1,New Procedure,,
512,"Iridotomy/iridectomy by laser surgery (eg, for glaucoma) (per session)",1,New Procedure,,
513,Iron,2,New Procedure,,
514,Iron binding capacity,2,New Procedure,,
515,IV HYD ADD HR,1,New Procedure,,
516,IV HYDRATION EA ADD HR,4,New Procedure,,
517,"IV Infusion, Hydration add-on",1,New Procedure,,
518,"IV Push, Additional New Drug",1,New Procedure,,
519,"IV Push, Single or Initial Drug",1,New Procedure,,
520,IV PUSH/PB EA SEQ MED,1,New Procedure,,
521,KNEE ARTHROSCOPY/SURGERY,1,New Procedure,,
522,Knee left 1-2 views,1,New Procedure,,
523,L HRT Artery/Ventricle Angio,1,New Procedure,CT Angiogram,
524,L HRT ARTERY/VENTRICLE ANGIO,2,New Procedure,CT Angiogram,
525,Laboratory & Pathology Services (CPT Codes 80047-89356),5,New Procedure,Laboratory & Pathology Services ,
526,Laboratory & Pathology Services (CPT Codes 80047-89398),260,New Procedure,Laboratory & Pathology Services ,
527,Laboratory & Pathology Services (CPT Codes 80048-89356),39,New Procedure,Laboratory & Pathology Services ,
528,"Lactate dehydrogenase (LD), (LDH)",2,New Procedure,,
529,Lactate Dehydrogenase Ldh,1,New Procedure,,
530,"LAMINOTOMY (HEMILAMINECTOMY), W DECOMPRESSION OF NERVE ROOT(S), INCL PARTIAL FACETECTOMY, FORAMINOTOMY &/ EXCISION OF HERNIATED INTERVERT DISK;",1,New Procedure,,
531,Lap Ing Hernia repait Init,1,New Procedure,Hernia Repair,
532,Laparoscopic Cholecystectomy,270,New Procedure,Laparoscopy,
533,LAPAROSCOPIC CHOLECYSTECTOMY,1,New Procedure,Laparoscopy,
534,Laparoscopic/Hysteroscopic Procedures on Corpus Uteri,1,New Procedure,Laparoscopy,
535,Laparoscopy Appendectomy,1,New Procedure,Laparoscopy,
536,Laparoscopy remove adnexa,1,New Procedure,Laparoscopy,
537,"LAPAROSCOPY SURGICAL, WITH VAGINAL HYSTERECTOMY, FOR UTERUS 250 GRAMS OR LESS; WITH REMOVAL OF TUBE(S) AND/OR OVARY(S)",1,New Procedure,Laparoscopy,
538,"Laparoscopy, cholecystectomy",1,New Procedure,Laparoscopy,
539,"LAPAROSCOPY, REMOVE ADNEXA",1,New Procedure,Laparoscopy,
540,"LAPAROSCOPY, SURGICAL, APPENDECTOMY",1,New Procedure,Laparoscopy,
541,"Laparoscopy, surgical, with vaginal hysterectomy",1,New Procedure,Laparoscopy,
542,"LAPAROSCOPY, SURGICAL; WITH FULGURATION OR EXCISION OF LESIONS OF THE OVARY, PELVIC VISCERA, OR PERITONEAL SURFACE BY ANY METHOD",1,New Procedure,Laparoscopy,
543,"LAPAROSCOPY, SURGICAL; WITH REMOVAL OF ADNEXAL STRUCTURES (PARTIAL OR TOTAL OOPHORECTOMY AND/OR SALPINGECTOMY)",1,New Procedure,Laparoscopy,
544,"LAPAROSCOPY, TUBAL CAUTERY",2,New Procedure,Laparoscopy,
545,"Laryngoscopy , Direct, DX, OP Microscop",1,New Procedure,Laryngoscopy,
546,LARYNGOSCOPY FLEX; DIAGNOSTIC,1,New Procedure,Laryngoscopy,
547,LASER SURGERY OF PROSTATE,1,New Procedure,,
548,LESION REMOVAL COLONOSCOPY,1,New Procedure,,
549,Lipase,4,New Procedure,,
550,LIPASE,4,New Procedure,,
551,Lipid Panel,299,New Procedure,,
552,Lithium,2,New Procedure,,
553,LITHIUM,1,New Procedure,,
554,"Lithotripsy, extracorporeal shock wave",1,New Procedure,Lithotripsy,
555,"LITHOTRIPSY, EXTRACORPOREAL SHOCK WAVE",1,New Procedure,Lithotripsy,
556,M D Inhaler Initial,1,New Procedure,,
557,Magnesium,4,New Procedure,MAGNESIUM BLOOD,
558,MAGNESIUM,1,New Procedure,MAGNESIUM BLOOD,
559,MAGNESIUM BLOOD,2,New Procedure,MAGNESIUM BLOOD,
560,Mammo Screening w/CAD Bilateral,1,New Procedure,Mammography,
561,"Mammography, Bilateral",1,New Procedure,Mammography,
562,"Mammography, Screening, Bilateral",232,New Procedure,Mammography,
563,"Mammography,Screening, Bilateral",1,New Procedure,Mammography,
564,Manual Therapy 1/> Regions,2,New Procedure,Individual Therapy,
565,MANUAL THERAPY 15 MIN,3,New Procedure,Individual Therapy,
566,Manual Therapy Each 15 Minutes,1,New Procedure,Individual Therapy,
567,MAST SIMPLE COMPLETE,1,New Procedure,,
568,MASTECTOMY PARTIAL,1,New Procedure,MASTECTOMY,
569,MASTECTOMY SIMPLE COMPLETE,1,New Procedure,MASTECTOMY,
570,"Mastectomy, partial",1,New Procedure,MASTECTOMY,
571,Measure blood oxygen level,1,New Procedure,,
572,Medicine Services  (CPT Codes 90281-99602),4,New Procedure,,
573,Medicine Services  (CPT Codes 90281-99607),299,New Procedure,,
574,Metabolic Panel Complete,1,New Procedure,Metabolic Panel,
575,MICROBE SUSCEPTIBLE MIC,1,New Procedure,,
576,Microscopic exam of urine,1,New Procedure,,
577,MODULE GROUP,1,New Procedure,,
578,MPD COGNITIVE THERAPY GROUP,1,New Procedure,Individual Therapy,
579,MRI Breast Unilat with and without contrast,1,New Procedure,MRI,
580,Mri lumbar spine w/o dye,1,New Procedure,MRI,
581,"MRI, Brain, without contrast, followed by contrast",179,New Procedure,MRI,
582,"MRI, Head or Brain, without contrast, followed by contrast",74,New Procedure,MRI,
583,N.GONORRHOEAE DNA AMP PROB,1,New Procedure,,
584,NEEDLE BIOPSY OF LIVER,1,New Procedure,,
585,NJX INTERLAMINAR CRV/THRC,1,New Procedure,,
586,NJX INTERLAMINAR LMBR/SAC,3,New Procedure,,
587,NONINVASV OXYGEN SATUR;SINGLE,4,New Procedure,,
588,NONSELECTIVE CATH PLACEMENT IN VEIN,1,New Procedure,,
589,OBSTETRICS,1,New Procedure,,
590,Occupational Therapy Evaluation,3,New Procedure,Physical Therapy,
591,"Office Visit, Est., Level 2",1,New Procedure,"Outpatient Visit, established patient",
592,"OFFICE VISIT, EST., LEVEL 4",1,New Procedure,"Outpatient Visit, established patient",
593,"Office Visit, Est., Level 5",1,New Procedure,"Outpatient Visit, established patient",
594,"OFFICE VISIT, NEW, LEVEL 1",1,New Procedure,"Outpatient Visit, established patient",
595,ONCOLOGY,1,New Procedure,,
596,OPÂ  MEDICINE CONTINUING CARE,1,New Procedure,,
597,"OPEN TREATMENT OF METATARSAL FRACTURE, WITH OR WITHOUT INTERNAL OR EXTERNAL FIXATION, EACH",1,New Procedure,,
598,OPEN/PERQ PLACE STENT EA ADD,1,New Procedure,,
599,OPPS/PHP; TRAIN  EDUC SERV,1,New Procedure,,
600,OPPS/PHP;ACTIVITY THERAPY,1,New Procedure,Physical Therapy,
601,OPS GROUP THERAPY,2,New Procedure,GROUP THERAPY,
602,"Orchiopexy, Ingunial Approach",1,New Procedure,,
603,OT Eval Low Complex,1,New Procedure,,
604,OT Neuromsclr RE-E,3,New Procedure,,
605,OT SLFCR/HM  Mgmt t,3,New Procedure,,
606,OT Ther Act Ea 15,3,New Procedure,,
607,OT Thera Ex Ea 15,3,New Procedure,,
608,Other (TBD),6,New Procedure,,
609,Other Common Outpatient Procedures (list as needed),209,New Procedure,,
610,Outpatient Visit,5,New Procedure,,
611,"Outpatient Visit, established patient, 10 minutes",1,New Procedure,"Outpatient Visit, established patient",
612,"Outpatient Visit, established patient, 15 minutes",246,New Procedure,"Outpatient Visit, established patient",
613,"Outpatient Visit, established patient, 15 minutes (Family Practice)",1,New Procedure,"Outpatient Visit, established patient",
614,"Outpatient Visit, established patient, 25 minutes",1,New Procedure,"Outpatient Visit, established patient",
615,"Outpatient Visit, established patient, 40 minutes",1,New Procedure,"Outpatient Visit, established patient",
616,"Outpatient Visit, established patient, 5 minutes",1,New Procedure,"Outpatient Visit, established patient",
617,"Outpatient Visit, established patient, Moderate Severity",1,New Procedure,"Outpatient Visit, established patient",
618,Paracentesis Abdominal with imaging guidance,2,New Procedure,Abdominal Paracentesis with Imaging,Abdominal 
619,PARTIAL HOSP PROG SERVICE,1,New Procedure,,
620,PARTIAL MASTECTOMY,1,New Procedure,MASTECTOMY,
621,Partial Thromboplastin Time,289,New Procedure,Partial Thromboplastin,
622,Pediatric EKG,1,New Procedure,,
623,PEDIATRICS,1,New Procedure,,
624,PEDIATRICS M,1,New Procedure,,
625,PEDS HUB,1,New Procedure,,
626,Pelvis - 1-2 views,1,New Procedure,,
627,"Percutaneous implantation of neurostimulator electrode array, epidural",1,New Procedure,,
628,"Percutaneous vertebral augmentation, including cavity creation",1,New Procedure,,
629,"Percutaneous vertebral augmentation, including cavity creation vertebral body",1,New Procedure,,
630,Phlebotomy,1,New Procedure,,
631,PHOSPHORUS BLOOD,1,New Procedure,,
632,PHP ADULT FULL DAY FOLSO,2,New Procedure,,
633,PHP ADULT FULL DAY SIERR,2,New Procedure,,
634,PHP DUAL DIAG FOLSOM,2,New Procedure,,
635,PHP DUAL DIAG SIERRA,2,New Procedure,,
636,PHP FULL DAY UNBNDLD,2,New Procedure,,
637,PHP GROUP THERAPY 60MIN,1,New Procedure,GROUP THERAPY,
638,PHP MULTIPLE FAMILY GRP,1,New Procedure,,
639,"Physical Therapy, Eval Low Complexity 20 Min",2,New Procedure,Physical Therapy,
640,"Physical Therapy, Evaluation",245,New Procedure,Physical Therapy,
641,"Physical Therapy, Evaluation High complexity",4,New Procedure,Physical Therapy,
642,"Physical Therapy, Evaluation Low complexity",4,New Procedure,Physical Therapy,
643,"Physical Therapy, Evaluation Low Complexity 20 minute",1,New Procedure,Physical Therapy,
644,"Physical Therapy, Evaluation Moderate complexity",4,New Procedure,Physical Therapy,
645,"Physical Therapy, Evaluation Moderate Complexity",1,New Procedure,Physical Therapy,
646,"Physical Therapy, Evaluation; high complexity",1,New Procedure,Physical Therapy,
647,"Physical Therapy, Evaluation; low complexity",1,New Procedure,Physical Therapy,
648,"Physical Therapy, Evaluation; moderate complexity",1,New Procedure,Physical Therapy,
649,"Physical Therapy, Gait training",2,New Procedure,Physical Therapy,
650,"Physical Therapy, Gait Training",255,New Procedure,Physical Therapy,
651,"Physical Therapy, Low Complexity Evaluation",1,New Procedure,Physical Therapy,
652,"Physical Therapy, Therapeutic Exercise",259,New Procedure,Physical Therapy,
653,"Physicial Therapy, Eval Low Complexity 20 Min",1,New Procedure,Physical Therapy,
654,Place Gastrostomy Tube,1,New Procedure,Gastrostomy Tube,
655,Potassium,1,New Procedure,,
656,PREGNANCY URINE TEST,1,New Procedure,Pregnancy Test,
657,PRIMARY CARE,1,New Procedure,,
658,PRIMARY CARE M,1,New Procedure,,
659,PRIMARY CARE P,1,New Procedure,,
660,PROCESS GROUP,2,New Procedure,,
661,Prothrombin Time,292,New Procedure,,
662,PROTIME (PT),1,New Procedure,,
663,PRP I/HERN INIT BLOCK >5 YR,2,New Procedure,,
664,PRQ Revasc Bypass Graft Single Vessel,1,New Procedure,,
665,PSYCH EDUCATION GROUP,1,New Procedure,GROUP THERAPY,
666,PSYCH FAMILY W/PATIENT -  Partial Hospitalization,1,New Procedure,FAMILY THERAPY,
667,PSYCH GROUP OTHER,1,New Procedure,GROUP THERAPY,
668,PSYCH GROUP PHP Partial Hospitalization,1,New Procedure,GROUP THERAPY,
669,PSYCH HALF DAY,2,New Procedure,Individual Therapy,
670,PSYCH TX W/PT/FAM 45 M - Psych OP,1,New Procedure,FAMILY THERAPY,
671,Psych/Group Family,1,New Procedure,GROUP THERAPY,
672,Psych/Group Rx,1,New Procedure,GROUP THERAPY,
673,Psych/Indiv Brief,1,New Procedure,Individual Therapy,
674,Psych/Indiv Extended,1,New Procedure,Individual Therapy,
675,Psychiatric Diagnostic Evaluation,1,New Procedure,Individual Therapy,
676,PSYCHIATRIC SERVICE/THERAPY,1,New Procedure,Individual Therapy,
677,"Psychotherapy, 45 minutes with patient",1,New Procedure,Individual Therapy,
678,PSYCHTX GRP 45 MIN,1,New Procedure,GROUP THERAPY,
679,PSYTX PT/FAMILY 30 MINUTES,1,New Procedure,FAMILY THERAPY,
680,PSYTX PT/FAMILY 45 MINUTES,1,New Procedure,FAMILY THERAPY,
681,PT GAIT/STAIR TRAIN 1 EA 15MIN,1,New Procedure,Physical Therapy,
682,PT Manual TX,3,New Procedure,Physical Therapy,
683,PT Neuro Re Ed,3,New Procedure,Physical Therapy,
684,PT Ther Activity,3,New Procedure,Physical Therapy,
685,PT THER ACTIVITY 1 EA 15MIN,1,New Procedure,Physical Therapy,
686,PT THER EXERCISE EA 15MIN,1,New Procedure,Physical Therapy,
687,PT Therapeutic Activities,1,New Procedure,Physical Therapy,
688,PULMONARY,1,New Procedure,,
689,PULSE OX SINGLE DETERMINATION,1,New Procedure,,
690,"PULSE OXIMETRY, SINGLE",1,New Procedure,,
691,"Quantitation of Therapeutic Drug, not elsewhere specified",1,New Procedure,,
692,"Radiologic examination, abdomen; single anteroposterior view",2,New Procedure,X-ray,
693,"Radiologic examination, chest; single view, frontal",2,New Procedure,X-ray,
694,"Radiologic examination, foot; complete, minimum of 3 views",2,New Procedure,X-ray,
695,"Radiologic examination, hip, unilateral; complete, minimum of 2 views",2,New Procedure,X-ray,
696,"Radiologic examination, knee; 1 or 2 views",1,New Procedure,X-ray,
697,"Radiologic examination, spine, cervical; 4 or 5 views",1,New Procedure,X-ray,
698,"Radiologic examination, spine; thoracic, 2 views",3,New Procedure,X-ray,
699,Radiology Services  (CPT Codes 70010-79999),304,New Procedure,X-ray,
700,Rbc antibody screen,1,New Procedure,,
701,REDUCTION MAMMAPLASTY,1,New Procedure,,
702,Removal Deep Implant,1,New Procedure,,
703,Removal of Central Venous Access Device,1,New Procedure,,
704,"Removal of implant; deep (eg, buried wire, pin, screw, metal band, nail, rod or plate)",2,New Procedure,,
705,"REMOVAL OF IMPLANT; DEEP (EG, BURIED WIRE, PIN, SCREW, METAL BAND, NAIL, ROD OR PLATE)",1,New Procedure,,
706,REMOVAL OF SUPPORT IMPLANT,1,New Procedure,,
707,REMOVAL OF TONSILS,1,New Procedure,,
708,Removal Tunneled CV Cath,1,New Procedure,REMOVAL TUNNELED CV CATH,
709,REMOVAL TUNNELED CV CATH,1,New Procedure,REMOVAL TUNNELED CV CATH,
710,Remove full arm/leg cast,1,New Procedure,Remove full arm/leg cast,
711,REMOVE INTRAUTERINE DEVICE,1,New Procedure,,
712,Remove Intravascular Foreign Body,1,New Procedure,,
713,Renal Function Panel,2,New Procedure,Renal Function Panel,
714,REPAIR ABDOMINAL WALL OPEN,1,New Procedure,Abdominal Wall Repair,Abdominal 
715,REPAIR BLADDER DEFECT,1,New Procedure,,
716,REPAIR DETACHED RETINA,1,New Procedure,Detached Retina,
717,Repair of complex retinal detachment,1,New Procedure,Detached Retina,
718,"Repair of complex retinal detachment (eg, proliferative vitreoretinopathy, stage C-1 or greater, diabetic traction retinal detachment, retinopathy of prematurity, retinal tear of greater than 90 degrees), with vitrectomy and membrane peeling, may include air, gas, or silicone oil tamponade, cryotherapy, endolaser photocoagulation, drainage of subretinal fluid, scleral buckling, and/or removal of lens",1,New Procedure,Detached Retina,
719,REPAIR OF HAMMERTOE,1,New Procedure,,
720,REPAIR OF NASAL SEPTUM,1,New Procedure,,
721,"Repair of retinal detachment; with vitrectomy, any method, including, when performed, air or gas tamponade, focal endolaser photocoagulation, cryotherapy, drainage of subretinal fluid, scleral buckling, and/or removal of lens by same technique",1,New Procedure,Detached Retina,
722,"Repair of retinal detachment; with vitrectomy, any method, with or without air or gas tamponade, focal endolaser",1,New Procedure,Detached Retina,
723,"Repair of ruptured musculotendinous cuff (eg, rotator cuff) open; chronic",1,New Procedure,,
724,Repair rotator cuff open chronic,1,New Procedure,,
725,Repair Umbilical Hernia,1,New Procedure,,
726,REPAIR VENOUS BLOCKAGE,1,New Procedure,,
727,Replace G/C Tube Perc,1,New Procedure,Gastrostomy Tube,
728,Replacement of Gastrostomy or Cecostomy Tube (#41),1,New Procedure,Gastrostomy Tube,
729,Reposition Intraocular lens,1,New Procedure,,
730,REPOSITION INTRAOCULAR LENS,1,New Procedure,,
731,RESECT GALLBLADDER PERQ ENDO APPR,1,New Procedure,,
732,REVISION OF CERVIX,1,New Procedure,,
733,REVISION OF RECONSTRUCTED BREAST,1,New Procedure,,
734,RHEUMATOLOGY E,1,New Procedure,,
735,RHINOPLASTY,1,New Procedure,,
736,RHO(DU),1,New Procedure,,
737,Rmvl & Rrplc Pulse Gen 1 Lead,1,New Procedure,,
738,Salicylate Level,1,New Procedure,,
739,Scope of Bladder and Urethra,2,New Procedure,,
740,SCREENING MAMMOGRAPHY BI 2-VIEW BREAST INC CAD,6,New Procedure,Mammography,
741,"Screening mammography, bilateral (CAD) when performed",29,New Procedure,Mammography,
742,SED RATE RBC AUTO,1,New Procedure,,
743,"Sedimentation rate, erythrocyte; non-automated",1,New Procedure,,
744,"Septoplasty or submucous resection, with or without cartilage, replacement with graft",1,New Procedure,,
745,"SIMPLE REPAIR OF SUPERFICIAL WOUNDS OF FACE, EARS, EYELIDS, NOSE, LIPS AND/OR MUCOUS MEMBRANES; 2.5 CM OR LESS",1,New Procedure,SUPERFICIAL WOUNDS REPAIR,
746,"SIMPLE REPAIR OF SUPERFICIAL WOUNDS OF FACE, EARS, EYELIDS, NOSE, LIPS AND/OR MUCOUS MEMBRANES; 2.6 CM TO 5.0 CM",1,New Procedure,SUPERFICIAL WOUNDS REPAIR,
747,"SIMPLE REPAIR OF SUPERFICIAL WOUNDS OF SCALP, NECK, AXILLAE, EXTERNAL GENITALIA, TRUNK AND/OR EXTREMITIES (INCLUDING HANDS AND FEET); 2.5 CM OR",1,New Procedure,SUPERFICIAL WOUNDS REPAIR,
748,"SIMPLE REPAIR OF SUPERFICIAL WOUNDS OF SCALP, NECK, AXILLAE, EXTERNAL GENITALIA, TRUNK AND/OR EXTREMITIES (INCLUDING HANDS AND FEET); 2.6 CM TO",1,New Procedure,SUPERFICIAL WOUNDS REPAIR,
749,SKIN SUB GRAFT FACE/NK/HF/G,1,New Procedure,SKIN SUB GRAFT,
750,SKIN SUB GRAFT TRNK/ARM/LEG,2,New Procedure,SKIN SUB GRAFT,
751,Smear - Gram Or Giemsa,2,New Procedure,,
752,Sodium,1,New Procedure,,
753,Special supplies phys/qhp,1,New Procedure,,
754,Speech Evaluation,1,New Procedure,Speech Language Treatment,
755,Speech Language Treatment,1,New Procedure,Speech Language Treatment,
756,"SPINAL PUNCTURE, LUMBAR, DIAGNOSTIC",1,New Procedure,,
757,Spine - 1 view,1,New Procedure,,
758,Spirometry,1,New Procedure,,
759,ST Speech&Lang Eva,3,New Procedure,,
760,ST Tx SP/Lng/Vce/C,3,New Procedure,,
761,"Stab phlebectomy of varicose viens, 1 extremity 10-20 stab inc",1,New Procedure,,
762,"Stabismus Surg, One Horiz Muscle",1,New Procedure,,
763,Steroid injection cervical/thoracic,1,New Procedure,,
764,Steroid injection lumbar,1,New Procedure,,
765,"STRABISMUS SURGERY, RECESSION OR RESECTION PROCEDURE; ONE HORIZONTAL MUSCLE",1,New Procedure,,
766,STRESS TTE ONLY,1,New Procedure,,
767,SUCTION NASOT,1,New Procedure,,
768,SUPPLEMENT ADBOMINAL WALL SYN OPEN,1,New Procedure,,
769,SUPPLEMENT LT INGUINAL RGN SYN OPEN,1,New Procedure,,
770,SUPPLEMENT RT INGUINAL RGN SYN OPEN,1,New Procedure,,
771,SURGERY - GENERAL OPD,1,New Procedure,Surgery,
772,SURGERY - OPHTHALMOLOGY OPD,1,New Procedure,Surgery,
773,SURGERY - OTOLARYNGOLOGY,1,New Procedure,Surgery,
774,SURGERY - PLASTIC OPD,1,New Procedure,Surgery,
775,SURGERY - PODIATRY OPD,1,New Procedure,Surgery,
776,SURGERY - UROLOGY OPD,1,New Procedure,Surgery,
777,Surgery Services  (CPT Codes 10021-69990),301,New Procedure,Surgery,
778,Swallow Evaluation,1,New Procedure,,
779,"TDAP Vaccing, ages 7+",1,New Procedure,,
780,"Tendon sheath incision (eg, for trigger finger)",1,New Procedure,,
781,Tenodesis of long tendon of biceps,1,New Procedure,,
782,"THER/PROPH/DIAG INJ, SC/IM",1,New Procedure,,
783,Therapeutic Exercise Each 15 Minutes,1,New Procedure,,
784,"Therapeutic Injection, Subcutaneous or Intramuscular",1,New Procedure,,
785,"Therapeutic procedure, 1 or more areas, each 15 min; aquatic therapy",1,New Procedure,Physical Therapy,
786,THERAPEUTIC/PRO/DX INJ SQ/IM,1,New Procedure,,
787,Thyroid Stimulating Hormone,292,New Procedure,,
788,Thyroxine; free,2,New Procedure,,
789,Tibia/fibula - left 1 view,1,New Procedure,,
790,Tonsillectomy and adenoidectomy; younger than age 12,1,New Procedure,Tonsillectomy and adenoidectomy; younger than age 12,
791,"Tonsillectomy with Adenoidectomy, less than 12 years old",263,New Procedure,Tonsillectomy and adenoidectomy; younger than age 12,
792,Trabeculoplasty by laser surgery,1,New Procedure,,
793,Transfusion Blood/Blood Products (#342),1,New Procedure,BLOOD TRANSFUSION SERVICE,
794,"Transfusion, blood or blood components",1,New Procedure,BLOOD TRANSFUSION SERVICE,
795,TRAUMP GROUP,1,New Procedure,,
796,TREAT SHOULDER DISLOCATION,1,New Procedure,,
797,TREATMENT OF MISCARRIAGE,1,New Procedure,,
798,"Treatment of missed abortion, completed surgically, first trimester",1,New Procedure,Abortion,
799,"Treatment of missed abortion, completed surgically; first trimester",1,New Procedure,Abortion,
800,Triglycerides,1,New Procedure,,
801,TROPONIN I,1,New Procedure,,
802,"Troponin, Quantitative",291,New Procedure,Troponin,
803,TSH,2,New Procedure,,
804,TT ECHO with Doppler complete,1,New Procedure,Echocardiography,
805,TT ECHO with Doppler Complete,1,New Procedure,Echocardiography,
806,TTE w/Doppler Complete,2,New Procedure,Echocardiography,
807,"TTE w/Doppler, Complete",1,New Procedure,Echocardiography,
808,TX/PR/DX IV PUSH ADDL SEQ NEW,1,New Procedure,,
809,"Tympanostomy (insert ventilating  tube, general anesthesia)",249,New Procedure,Tympanostomy,
810,"Tympanostomy (insert ventilating tube, general anesthesia)",13,New Procedure,Tympanostomy,
811,Ultrasound 15 min OT,1,New Procedure,Ultrasound,
812,Ultrasound 1st Trimester Fetal Nuchal Translucency Measurement; 1st Gestation,1,New Procedure,Ultrasound,
813,ULTRASOUND ABDOMEN LIMITED,1,New Procedure,Ultrasound,
814,Ultrasound bladder & kidneys,1,New Procedure,Ultrasound,
815,Ultrasound Breast Complete,1,New Procedure,Ultrasound,
816,Ultrasound Pelvis Echogram Complete,1,New Procedure,Ultrasound,
817,"Ultrasound, Abdomen, Complete",292,New Procedure,Ultrasound,
818,"Ultrasound, Head & Neck Soft Tissue",1,New Procedure,Ultrasound,
819,"Ultrasound, Limited (size, PL. LOC, Position)",1,New Procedure,Ultrasound,
820,"Ultrasound, OB <14 weeks, single fetus",1,New Procedure,Ultrasound,
821,"Ultrasound, OB, 14 weeks or more, single fetus, transabdominal",28,New Procedure,Ultrasound,Abdominal 
822,"Ultrasound, OB, 14 weeks or more, transabdominal",255,New Procedure,Ultrasound,Abdominal 
823,"Ultrasound, OB, Limited Fetus",1,New Procedure,Ultrasound,
824,UPPER GI STOMACH W/KUB,1,New Procedure,Endoscopy,
825,UPPER GI STOMACH W/O KUB,1,New Procedure,Endoscopy,
826,UPPER GI W/AIR W/KUB,1,New Procedure,Endoscopy,
827,UPPER GI W/SMALL BOWELL,1,New Procedure,Endoscopy,
828,"UPPR GI ENDOSCOPY, DIAGNOSIS",1,New Procedure,,
829,URGENT CARE,1,New Procedure,,
830,"URGENT CARE Visit, Level 1",1,New Procedure,"Emergency Room Visit, Level 1 (low severity)",
831,"URGENT CARE Visit, Level 2",1,New Procedure,"Emergency Room Visit, Level 2 (low to moderate severity)",
832,"URGENT CARE Visit, Level 3",1,New Procedure,"Emergency Room Visit, Level 3 (moderate severity)",
833,"URGENT CARE Visit, Level 4",1,New Procedure,"Emergency Room Visit, Level 4 (high severity without signigicant threat)",
834,"URGENT CARE Visit, Level 5",1,New Procedure,"Emergency Room Visit, Level 5 (high severity with significant threat)",
835,Uric acid; blood,2,New Procedure,,
836,URINALYSIS AUTO W/O MICRO,1,New Procedure,Urinalysis,
837,Urinalysis Automated w/ Scope,1,New Procedure,Urinalysis,
838,"Urinalysis, automated without microscopy",1,New Procedure,Urinalysis,
839,"Urinalysis, non-automated",1,New Procedure,Urinalysis,
840,"Urinalysis, with microscopy",263,New Procedure,Urinalysis,
841,"Urinalysis, with microscopy, automated",1,New Procedure,Urinalysis,
842,"Urinalysis, with microscopy, non-automated",1,New Procedure,Urinalysis,
843,"Urinalysis, without microscopy",256,New Procedure,Urinalysis,
844,"Urinalysis, without microscopy, automated",1,New Procedure,Urinalysis,
845,"Urinalysis, without microscopy, non-automated",1,New Procedure,Urinalysis,
846,Urine Culture,2,New Procedure,Urinalysis,
847,Urine Culturecolony Count,1,New Procedure,Urinalysis,
848,URINE PREG TEST QUAL,1,New Procedure,Pregnancy Test,
849,Urine pregnancy test,1,New Procedure,Pregnancy Test,
850,Urine Pregnancy Visual Color,2,New Procedure,Pregnancy Test,
851,"URINE PREGNANCY, VISUAL COLOR",1,New Procedure,Pregnancy Test,
852,US Exam of Head and Neck,2,New Procedure,,
853,VAG HYSTERECTOMY,1,New Procedure,Hysteroscopy,
854,Valporic Acid,1,New Procedure,Valporic Acid,
855,VALPROIC ACID TOTAL,1,New Procedure,Valporic Acid,
856,VENIPUNCT      *,2,New Procedure,Venipuncture,
857,Venipuncture,1,New Procedure,Venipuncture,
858,VENIPUNCTURE,1,New Procedure,Venipuncture,
859,VENIPUNCTURE PHLEBOTOMY,1,New Procedure,Venipuncture,
860,VENIPUNCTURE PHLEBOTOMY       /*/OUT-PT/ROUTINE,2,New Procedure,Venipuncture,
861,VENIPUNCTURE ROUTINE,1,New Procedure,Venipuncture,
862,VENIPUNCTURE;OUT-PT,1,New Procedure,Venipuncture,
863,Villus Sampling,1,New Procedure,,
864,Vitamin B12,1,New Procedure,,
865,VITAMIN D 25 HYDROXY,1,New Procedure,,
866,"Vitrectomy, mechanical, pars plana approach; with endolaser panretinal photocoagulation",2,New Procedure,Vitrectomy,
867,"Vitrectomy, mechanical, pars plana approach; with removal of internal limiting membrane of retina",1,New Procedure,Vitrectomy,
868,"Vitrectomy, mechanical, pars plana approach; with removal of preretinal cellular membrane (eg, macular pucker)",1,New Procedure,Vitrectomy,
869,W-Ray Joint 3 + V,1,New Procedure,,
870,Wrist - left 2 views,1,New Procedure,X-ray,
871,Wrist - right min 3 views,1,New Procedure,X-ray,
872,X-Ray Ankle complete 3-view,1,New Procedure,X-ray,
873,X-Ray Arthrogram Wrist,1,New Procedure,X-ray,
874,X-Ray Exam Abdomen 1 View,1,New Procedure,X-ray,
875,X-Ray Exam Chest 1 View,1,New Procedure,X-ray,
876,X-Ray Exam Chest 2 View,1,New Procedure,X-ray,
877,X-ray exam l-s spine 2/3 vws,1,New Procedure,X-ray,
878,X-ray exam l-s spine bending,1,New Procedure,X-ray,
879,X-ray exam Lumbosacral Spine 2/3 views,2,New Procedure,X-ray,
880,X-ray exam neck spine 6/>vws,1,New Procedure,X-ray,
881,X-Ray Exam Of Ankle,1,New Procedure,X-ray,
882,X-Ray Exam Of Finger(s),1,New Procedure,X-ray,
883,X-Ray Exam Of Foot,1,New Procedure,X-ray,
884,X-ray Exam of Hand,2,New Procedure,X-ray,
885,X-Ray Exam Of Hand,1,New Procedure,X-ray,
886,X-ray Exam of Knee 3 views,2,New Procedure,X-ray,
887,X-ray Exam of Shoulder,2,New Procedure,X-ray,
888,"X-Ray examination, skull; less than 4 views",1,New Procedure,X-ray,
889,X-Ray sinuses paranasal complete 3-views,1,New Procedure,X-ray,
890,"X-Ray Upper GI, with or without delayed images, with KUB",1,New Procedure,X-ray,
891,"X-Ray, Chest , one views",1,New Procedure,X-ray,
892,"X-Ray, Chest 1 view",1,New Procedure,X-ray,
893,"X-Ray, Chest one view",1,New Procedure,X-ray,
894,"X-Ray, Chest PA & Lateral",1,New Procedure,X-ray,
895,"X-ray, Chest, Abdomen",1,New Procedure,X-ray,
896,"X-Ray, Chest, one view",7,New Procedure,X-ray,
897,"X-Ray, Chest, one views",2,New Procedure,X-ray,
898,"X-Ray, Chest, two views",288,New Procedure,X-ray,
899,"X-Ray, Chest, two views; 71020 deleted; replaced code 71046",1,New Procedure,X-ray,
900,"X-Ray, Hand",1,New Procedure,X-ray,
901,"X-Ray, Hand three views or more",1,New Procedure,X-ray,
902,"X-Ray, Hips Bilateral With Pelvis 2 Views",1,New Procedure,X-ray,
903,"X-Ray, Knee",1,New Procedure,X-ray,
904,"X-Ray, Lower Back, four views",75,New Procedure,X-ray,
905,"X-Ray, Lower Back, minimum four views",178,New Procedure,X-ray,
906,"X-Ray, Lumbo Sacral, four views",29,New Procedure,X-ray,
907,"X-Ray, Ribs Unilateral 2 Views",1,New Procedure,X-ray,
908,"X-Ray, Skull Les 4 views",1,New Procedure,X-ray,
909,"X-Ray, Spine, Lumbosacral 4 view",1,New Procedure,X-ray,
910,"X-Ray, Wrist",1,New Procedure,X-ray,
911,X-Rray - Chest 2 Views,1,New Procedure,X-ray,
912,XR Chest 1 View (Portable),1,New Procedure,X-ray,
913,XR Exam,1,New Procedure,X-ray,
914,XR SPINE LUMBAR 4 Views+,1,New Procedure,X-ray,
915,Xray Abdomen 2 View,1,New Procedure,X-ray,
916,Xray Elbow 2 Views,1,New Procedure,X-ray,
917,Xray Wrist 2 Views,1,New Procedure,X-ray,
918,"Xray, Foot",1,New Procedure,X-ray,